path,initial_md5,current_md5,changed
R/survivalPower.b.R,ad8360318afa6be5a964e8a93c5a9777,17d5e1ff1fa52a8bd3e14a37ab389d96,True
R/survivalPower.h.R,67d5dcc36e57e0e726b380ea9daa11f1,67d5dcc36e57e0e726b380ea9daa11f1,False
R/survivalPower_distributions.R,2c9ebdee7585ec4cfcca480e8f3c7459,2c9ebdee7585ec4cfcca480e8f3c7459,False
jamovi/00refs.yaml,7c909f488069ae617bcc52dd45773f54,5715f72159d6ae369f27f3bec9e2c30d,True
jamovi/js/survivalPower.events.js,34bb60f706a83f37031a01f6bca1edfc,34bb60f706a83f37031a01f6bca1edfc,False
jamovi/survivalPower.a.yaml,34f35f9846dc0fc668b27f5dca90d5a9,821af4116621efd00b4811c6997662cb,True
jamovi/survivalPower.r.yaml,f106f67e0a7a91aaecb4ff25f6192393,f106f67e0a7a91aaecb4ff25f6192393,False
jamovi/survivalPower.u.yaml,061ac573c0d3deed39138d62e093f8fb,d2423dc25149fe48aab6ed5cd832c0aa,True
man/survivalPower.Rd,2abbd3ce6a85de813690011572c59af9,2abbd3ce6a85de813690011572c59af9,False
