"id","unix_timestamp","unix_milliseconds","expected_datetime","event_type"
1,1546300800,1546300800000,"2019-01-01 00:00:00","Data_Entry"
2,1551156923.05128,1551156923051.28,"2019-02-26 04:55:23","Analysis"
3,1556013046.10256,1556013046102.56,"2019-04-23 09:50:46","Analysis"
4,1560869169.15385,1560869169153.85,"2019-06-18 14:46:09","Data_Entry"
5,1565725292.20513,1565725292205.13,"2019-08-13 19:41:32","Login"
6,1570581415.25641,1570581415256.41,"2019-10-09 00:36:55","Report_Generated"
7,1575437538.30769,1575437538307.69,"2019-12-04 05:32:18","Data_Entry"
8,1580293661.35897,1580293661358.97,"2020-01-29 10:27:41","Data_Entry"
9,1585149784.41026,1585149784410.26,"2020-03-25 15:23:04","Analysis"
10,1590005907.46154,1590005907461.54,"2020-05-20 20:18:27","Login"
11,1594862030.51282,1594862030512.82,"2020-07-16 01:13:50","Data_Entry"
12,1599718153.5641,1599718153564.1,"2020-09-10 06:09:13","Analysis"
13,1604574276.61538,1604574276615.38,"2020-11-05 11:04:36","Data_Entry"
14,1609430399.66667,1609430399666.67,"2020-12-31 15:59:59","Login"
15,1614286522.71795,1614286522717.95,"2021-02-25 20:55:22","Data_Entry"
16,1619142645.76923,1619142645769.23,"2021-04-23 01:50:45","Data_Entry"
17,1623998768.82051,1623998768820.51,"2021-06-18 06:46:08","Login"
18,1628854891.8718,1628854891871.8,"2021-08-13 11:41:31","Login"
19,1633711014.92308,1633711014923.08,"2021-10-08 16:36:54","Data_Entry"
20,1638567137.97436,1638567137974.36,"2021-12-03 21:32:17","Analysis"
21,1643423261.02564,1643423261025.64,"2022-01-29 02:27:41","Analysis"
22,1648279384.07692,1648279384076.92,"2022-03-26 07:23:04","Data_Entry"
23,1653135507.1282,1653135507128.2,"2022-05-21 12:18:27","Report_Generated"
24,1657991630.17949,1657991630179.49,"2022-07-16 17:13:50","Data_Entry"
25,1662847753.23077,1662847753230.77,"2022-09-10 22:09:13","Data_Entry"
26,1667703876.28205,1667703876282.05,"2022-11-06 03:04:36","Report_Generated"
27,1672559999.33333,1672559999333.33,"2023-01-01 07:59:59","Login"
28,1677416122.38462,1677416122384.62,"2023-02-26 12:55:22","Data_Entry"
29,1682272245.4359,1682272245435.9,"2023-04-23 17:50:45","Login"
30,1687128368.48718,1687128368487.18,"2023-06-18 22:46:08","Analysis"
31,1691984491.53846,1691984491538.46,"2023-08-14 03:41:31","Login"
32,1696840614.58974,1696840614589.74,"2023-10-09 08:36:54","Data_Entry"
33,1701696737.64103,1701696737641.03,"2023-12-04 13:32:17","Report_Generated"
34,1706552860.69231,1706552860692.31,"2024-01-29 18:27:40","Data_Entry"
35,1711408983.74359,1711408983743.59,"2024-03-25 23:23:03","Analysis"
36,1716265106.79487,1716265106794.87,"2024-05-21 04:18:26","Report_Generated"
37,1721121229.84615,1721121229846.15,"2024-07-16 09:13:49","Analysis"
38,1725977352.89744,1725977352897.44,"2024-09-10 14:09:12","Data_Entry"
39,1730833475.94872,1730833475948.72,"2024-11-05 19:04:35","Report_Generated"
40,1735689599,1735689599000,"2024-12-31 23:59:59","Login"
