"case_id","institution","P1","P2","P3","P4","P5","P6"
"PB-001","Hospital B","GG1","GG1","GG1","GG1","GG1","GG1"
"PB-002","Hospital C","GG1","GG1","GG1","GG1","GG1","GG1"
"PB-003","Hospital A","GG5","GG5","GG5","GG5","GG5","GG5"
"PB-004","Hospital A","GG3","GG3","GG3",NA,NA,"GG3"
"PB-005","Hospital A","GG2","GG2","GG2","GG2","GG2","GG3"
"PB-006","Hospital A","GG3","GG4","GG2",NA,NA,"GG3"
"PB-007","Hospital A","GG1","GG1","GG1","GG1","GG2","GG1"
"PB-008","Hospital C","GG1","GG1",NA,"GG2","GG1","GG2"
"PB-009","Hospital A","GG2","GG1","GG1","GG2","GG1",NA
"PB-010","Hospital B","GG1","GG1","GG1",NA,"GG1","GG1"
"PB-011","Hospital B","GG2","GG3","GG3","GG4","GG5","GG2"
"PB-012","Hospital A","GG3","GG5","GG4","GG5","GG3","GG5"
"PB-013","Hospital A",NA,"GG5","GG5","GG5","GG4","GG3"
"PB-014","Hospital A","GG2","GG4","GG2","GG3","GG5","GG3"
"PB-015","Hospital B","GG1","GG2",NA,"GG2","GG3","GG2"
"PB-016","Hospital B","GG3","GG2","GG1","GG4","GG3","GG2"
"PB-017","Hospital A","GG1","GG2","GG1","GG4",NA,"GG1"
"PB-018","Hospital B","GG1",NA,"GG3","GG2","GG3","GG2"
"PB-019","Hospital C","GG2","GG2","GG2","GG3",NA,"GG2"
"PB-020","Hospital B",NA,"GG5","GG5","GG4","GG5","GG5"
"PB-021","Hospital C","GG1",NA,"GG2",NA,"GG2",NA
"PB-022","Hospital A",NA,"GG1","GG1","GG2","GG1","GG1"
"PB-023","Hospital A","GG2","GG2","GG3","GG3","GG3","GG3"
"PB-024","Hospital B",NA,"GG3","GG3","GG4","GG5","GG3"
"PB-025","Hospital A","GG2","GG1","GG1","GG1","GG2","GG2"
"PB-026","Hospital A","GG4","GG3","GG2","GG4","GG3","GG3"
"PB-027","Hospital A","GG1","GG3","GG4","GG2","GG3","GG2"
"PB-028","Hospital A","GG3","GG1","GG2","GG1","GG2","GG1"
"PB-029","Hospital C","GG2","GG2","GG2",NA,"GG2","GG2"
"PB-030","Hospital A","GG3",NA,"GG4",NA,"GG3","GG2"
"PB-031","Hospital B","GG4","GG3","GG2","GG3","GG3","GG3"
"PB-032","Hospital C","GG1","GG2","GG1","GG1",NA,"GG3"
"PB-033","Hospital A","GG2","GG1","GG1","GG1","GG1",NA
"PB-034","Hospital A","GG2",NA,"GG1",NA,"GG2","GG2"
"PB-035","Hospital B","GG4","GG5","GG3","GG3","GG4","GG3"
"PB-036","Hospital A",NA,"GG4","GG3","GG5",NA,"GG5"
"PB-037","Hospital A","GG2","GG2",NA,"GG3","GG2","GG1"
"PB-038","Hospital B","GG1","GG1",NA,"GG1","GG1",NA
"PB-039","Hospital A",NA,"GG1",NA,"GG2","GG1","GG1"
"PB-040","Hospital B","GG1","GG1",NA,"GG3",NA,"GG2"
"PB-041","Hospital A","GG3","GG1",NA,"GG2","GG2","GG1"
"PB-042","Hospital B","GG1",NA,"GG2","GG3","GG1","GG1"
"PB-043","Hospital B","GG1",NA,"GG2","GG3","GG1","GG1"
"PB-044","Hospital B","GG1","GG1","GG1","GG1","GG1","GG1"
"PB-045","Hospital B","GG1","GG2","GG1",NA,"GG1","GG2"
"PB-046","Hospital A",NA,"GG2","GG2","GG2","GG2","GG2"
"PB-047","Hospital B",NA,"GG1",NA,"GG1","GG2","GG4"
"PB-048","Hospital A","GG1","GG1","GG2","GG1","GG1","GG2"
"PB-049","Hospital B",NA,"GG5","GG2","GG5","GG5","GG5"
"PB-050","Hospital A","GG1",NA,"GG1","GG1","GG1",NA
"PB-051","Hospital A","GG4","GG2",NA,NA,"GG2",NA
"PB-052","Hospital C","GG1","GG1","GG1","GG1","GG1","GG1"
"PB-053","Hospital B","GG5","GG5","GG5","GG5","GG5","GG5"
"PB-054","Hospital C",NA,"GG1","GG1","GG2","GG2","GG2"
"PB-055","Hospital C",NA,"GG1","GG1","GG1","GG1","GG1"
"PB-056","Hospital B","GG3","GG3","GG3","GG5","GG2","GG4"
"PB-057","Hospital A","GG3","GG2",NA,NA,"GG4",NA
"PB-058","Hospital A","GG2","GG2","GG3","GG2","GG3","GG5"
"PB-059","Hospital B","GG1","GG1","GG1","GG1",NA,NA
"PB-060","Hospital B","GG5","GG5","GG5","GG5","GG5","GG4"
"PB-061","Hospital A",NA,"GG1","GG1",NA,"GG2","GG1"
"PB-062","Hospital B","GG2","GG1","GG2","GG1","GG1","GG1"
"PB-063","Hospital A","GG1","GG2","GG3","GG1",NA,"GG3"
"PB-064","Hospital B","GG3","GG3","GG2","GG3",NA,"GG3"
"PB-065","Hospital C","GG1","GG1","GG2","GG2","GG2","GG1"
"PB-066","Hospital A","GG1","GG2","GG2","GG3","GG3","GG3"
"PB-067","Hospital A",NA,"GG4","GG4","GG5",NA,"GG4"
"PB-068","Hospital A","GG3","GG1","GG2","GG4","GG3","GG3"
"PB-069","Hospital B","GG2","GG2","GG2","GG3","GG1","GG2"
"PB-070","Hospital B","GG3","GG3","GG2","GG4","GG2","GG3"
"PB-071","Hospital A","GG5","GG5","GG4",NA,"GG4","GG2"
"PB-072","Hospital A","GG5",NA,"GG4","GG4","GG3","GG5"
"PB-073","Hospital A","GG3","GG1",NA,"GG3","GG2",NA
"PB-074","Hospital A","GG5","GG5","GG3","GG5","GG5","GG3"
"PB-075","Hospital A","GG3","GG2","GG3","GG5",NA,"GG4"
"PB-076","Hospital B",NA,"GG3","GG4","GG2","GG2","GG4"
"PB-077","Hospital B","GG2","GG1","GG1","GG1","GG1","GG1"
"PB-078","Hospital B","GG1","GG2","GG5","GG2","GG2","GG2"
"PB-079","Hospital C","GG4","GG3",NA,"GG5","GG3",NA
"PB-080","Hospital C",NA,NA,"GG3","GG1","GG1","GG2"
"PB-081","Hospital B","GG3","GG2",NA,"GG2","GG1","GG2"
"PB-082","Hospital B","GG1","GG1","GG1","GG1",NA,"GG2"
"PB-083","Hospital B","GG2","GG1",NA,"GG3","GG1","GG1"
"PB-084","Hospital A","GG2","GG2","GG2","GG3","GG1","GG1"
"PB-085","Hospital B","GG2","GG1","GG1",NA,NA,NA
"PB-086","Hospital C","GG3","GG2","GG2","GG3",NA,"GG3"
"PB-087","Hospital A","GG2","GG1","GG2","GG2","GG2","GG1"
"PB-088","Hospital C","GG2",NA,"GG2","GG2","GG1",NA
"PB-089","Hospital C","GG2","GG1","GG1","GG2","GG1","GG1"
"PB-090","Hospital C","GG3","GG1","GG2","GG1","GG1","GG2"
"PB-091","Hospital A","GG2","GG1","GG2","GG3","GG2","GG4"
"PB-092","Hospital C","GG3","GG4","GG5","GG4","GG5","GG3"
"PB-093","Hospital A","GG3","GG2","GG4","GG4","GG4","GG4"
"PB-094","Hospital A","GG2","GG4","GG5","GG2",NA,NA
"PB-095","Hospital A","GG2","GG1","GG1","GG2","GG1","GG1"
"PB-096","Hospital A","GG3","GG1",NA,"GG2","GG2","GG2"
"PB-097","Hospital B","GG3","GG2","GG4","GG5",NA,"GG5"
"PB-098","Hospital A","GG4","GG3","GG4","GG3",NA,"GG2"
"PB-099","Hospital B","GG2","GG3",NA,"GG5",NA,"GG3"
"PB-100","Hospital C","GG5","GG5",NA,NA,"GG5","GG5"
"PB-101","Hospital A","GG2","GG2","GG1","GG1",NA,"GG2"
"PB-102","Hospital A","GG1","GG1",NA,"GG1","GG1","GG2"
"PB-103","Hospital A",NA,NA,"GG3","GG3","GG4","GG3"
"PB-104","Hospital A","GG4","GG3","GG2","GG5","GG2","GG3"
"PB-105","Hospital B","GG1","GG2","GG2",NA,"GG1","GG2"
"PB-106","Hospital A","GG5","GG5","GG5","GG5","GG5","GG5"
"PB-107","Hospital A","GG2","GG1","GG2","GG1","GG2","GG2"
"PB-108","Hospital B","GG2","GG2","GG2","GG2","GG1","GG3"
"PB-109","Hospital B",NA,"GG2",NA,NA,"GG3","GG2"
"PB-110","Hospital A","GG2","GG2","GG1","GG2",NA,"GG1"
"PB-111","Hospital B","GG5","GG5","GG5","GG5","GG3","GG3"
"PB-112","Hospital A",NA,"GG2","GG4",NA,"GG3",NA
"PB-113","Hospital B","GG2","GG1","GG2","GG2","GG1","GG1"
"PB-114","Hospital A",NA,"GG1","GG2","GG1",NA,"GG1"
"PB-115","Hospital C","GG1","GG1","GG1",NA,"GG1","GG2"
"PB-116","Hospital A","GG2",NA,"GG1","GG4","GG3","GG2"
"PB-117","Hospital A","GG5","GG3","GG5",NA,"GG4",NA
"PB-118","Hospital A","GG5",NA,"GG5","GG5","GG4","GG3"
"PB-119","Hospital A",NA,"GG1","GG1","GG1","GG2","GG1"
"PB-120","Hospital A","GG3","GG2","GG1","GG1","GG2","GG2"
"PB-121","Hospital B","GG1","GG1","GG1","GG1","GG1","GG1"
"PB-122","Hospital B","GG2","GG1","GG1","GG2","GG3","GG1"
"PB-123","Hospital B","GG3","GG1","GG2","GG3","GG2","GG1"
"PB-124","Hospital B",NA,"GG1","GG1","GG1","GG1","GG1"
"PB-125","Hospital C","GG3","GG2","GG3",NA,NA,"GG4"
"PB-126","Hospital A","GG1","GG1","GG1","GG4","GG1","GG2"
"PB-127","Hospital A","GG3","GG4","GG5","GG3",NA,"GG4"
"PB-128","Hospital C","GG1","GG2","GG1","GG1","GG1","GG1"
"PB-129","Hospital C","GG2","GG1",NA,"GG2","GG1","GG2"
"PB-130","Hospital B","GG3","GG4","GG4","GG5","GG2","GG4"
"PB-131","Hospital B",NA,NA,NA,"GG2","GG1","GG1"
"PB-132","Hospital A","GG2","GG1","GG2","GG2","GG3","GG1"
"PB-133","Hospital B","GG2","GG2","GG1","GG2","GG2","GG2"
"PB-134","Hospital A","GG3","GG1","GG2","GG2","GG1",NA
"PB-135","Hospital A","GG3",NA,"GG2","GG5","GG3","GG1"
"PB-136","Hospital A","GG1","GG1",NA,NA,"GG1","GG1"
"PB-137","Hospital B","GG1","GG1","GG1","GG1","GG1","GG1"
"PB-138","Hospital C","GG1","GG1","GG2","GG1","GG1","GG1"
"PB-139","Hospital A","GG5","GG5","GG5","GG5","GG5","GG3"
"PB-140","Hospital B",NA,NA,"GG3","GG3","GG2","GG3"
"PB-141","Hospital B","GG5","GG3","GG5","GG5","GG5","GG4"
"PB-142","Hospital A","GG2","GG1","GG1","GG1","GG2",NA
"PB-143","Hospital A","GG5","GG5",NA,"GG3","GG2","GG3"
"PB-144","Hospital B","GG2",NA,"GG3","GG2",NA,"GG3"
"PB-145","Hospital C","GG1","GG1",NA,"GG2",NA,"GG1"
"PB-146","Hospital B",NA,NA,"GG2","GG3","GG2","GG2"
"PB-147","Hospital C","GG1",NA,NA,"GG2","GG1","GG1"
"PB-148","Hospital A","GG3","GG3",NA,"GG3","GG2","GG4"
"PB-149","Hospital A","GG1","GG2","GG2",NA,"GG1","GG1"
"PB-150","Hospital C",NA,"GG5","GG4","GG3","GG3","GG5"
